{
   "name":"Nixie12R",
   "vendorId":"0x7071",
   "productId":"0x6F64",
   "matrix":{
      "rows":2,
      "cols":6
   },
   "layouts":{
      "keymap":[
[
    {
      "x": 2
    },
    "0,2"
  ],
  [
    {
      "y": -0.8500000000000001,
      "x": 3
    },
    "0,3"
  ],
  [
    {
      "y": -0.9999999999999999,
      "x": 1
    },
    "0,1"
  ],
  [
    {
      "y": -0.95
    },
    "0,0"
  ],
  [
    {
      "y": -0.95,
      "x": 4
    },
    "0,4",
    "0,5\n\n\n\n\n\n\n\n\ne0"
  ],
  [
    {
      "y": -0.25,
      "x": 2
    },
    "1,2"
  ],
  [
    {
      "y": -0.8500000000000001,
      "x": 1
    },
    "1,1",
    {
      "x": 1
    },
    "1,3"
  ],
  [
    {
      "y": -0.95
    },
    "1,0"
  ],
  [
    {
      "y": -0.95,
      "x": 4
    },
    "1,4",
    "1,5"
  ]
]
   }
}

